Id;Designator;Footprint;Quantity;Designation;Supplier and ref
1;MX1,MX2,MX3,MX4,MX5,MX6,MX7,MX9,MX10,MX11,MX12,MX13,MX17,MX18,MX19,MX20,MX22,MX23,MX24,MX25,MX26,MX27,MX28,MX32,MX33,MX34,MX35,MX36,MX37,MX38,MX39,MX40,MX41,MX42,MX46,MX47,MX48,MX49,MX50,MX51,MX52,MX53,MX54,MX55,MX57,MX8,MX21;MXOnly-1U-Hotswap;47;1u;Hotswap Socket
2;MX14;MXOnly-2U-Hotswap;1;2u;Hotswap Socket
3;MX16,MX29;MXOnly-1.5U-Hotswap;2;1.5u;Hotswap Socket
4;MX31,MX56;MXOnly-1.75U-Hotswap;2;1.75u;Hotswap Socket
5;MX43,MX45;MXOnly-2.25U-Hotswap;2;2.25u;Hotswap Socket
6;MX63,MX65,MX64,MX59,MX60,MX61,MX66;MXOnly-1.25U-Hotswap;7;1.25u;Hotswap Socket
7;MX62;MXOnly-6.25U-Hotswap-ReversedStabilizers;1;6.25u;Hotswap Socket
9;J1;JST_SH_SM04B-SRSS-TB_1x04-1MP_P1.00mm_Horizontal;1;JST SH 4-pin;LCSC #C145956
10;R2,R3;R_0805_2012Metric;2;22;LCSC #C17414
11;SW1;SW_SPST_TL3342;1;Reset;LCSC #C318884
12;C5,C6;C_0805_2012Metric;2;22p;LCSC #C1804
13;C3,C1,C2;C_0805_2012Metric;3;0.1u;LCSC #C49678
14;Y1;Crystal_SMD_3225-4Pin_3.2x2.5mm;1;16MHz;LCSC #C13738
15;R1,R4;R_0805_2012Metric;2;10k;LCSC #C17561
16;D1,D2,D3,D4,D5,D6,D7,D8,D9,D10,D11,D12,D14,D16,D17,D18,D19,D20,D21,D22,D23,D24,D25,D26,D27,D28,D29,D31,D32,D33,D34,D36,D37,D38,D39,D40,D41,D42,D43,D45,D46,D47,D48,D49,D50,D51,D52,D53,D54,D55,D56,D57,D59,D60,D61,D62,D64,D13,D35,D63,D66,D65;D_SOD-123;62;1N4148;LCSC #C81598
17;C7;C_0805_2012Metric;1;1u;LCSC #C28323
18;U1;SOT-23-6;1;SRV05-4;LCSC #C85364
19;U2;QFN-44-1EP_7x7mm_P0.5mm_EP5.2x5.2mm;1;ATmega32U4-MUR;LCSC #C45874
20;F1;Fuse_1206_3216Metric;1;500mA;LCSC #C70076
21;C4;C_0805_2012Metric;1;10u;LCSC #C15850
22;D71,D44,D58,D72,D15,D68,D30,D74,D67,D69,D70,D73;LED_WS2812B_PLCC4_5.0x5.0mm_P3.2mm;12;WS2812B;LCSC #C2874885
